parameters "('47.3864', '10.0411')"
"(210, 2, 0.2, 0.4, 1.5, (0.5, 0.5))" 0.6820304738654357
"(210, 2, 0.2, 0.4, 1.5, (0.25, 0.75))" 0.6811195306166146
"(210, 2, 0.2, 0.4, 1.5, (0.75, 0.25))" 0.6828822609138108
"(210, 2, 0.2, 0.4, 2, (0.5, 0.5))" 0.6692439732512495
"(210, 2, 0.2, 0.4, 2, (0.25, 0.75))" 0.6682768169208138
"(210, 2, 0.2, 0.4, 2, (0.75, 0.25))" 0.670149717534612
"(210, 2, 0.2, 0.4, 2.5, (0.5, 0.5))" 0.6516888723007931
"(210, 2, 0.2, 0.4, 2.5, (0.25, 0.75))" 0.6508721022686815
"(210, 2, 0.2, 0.4, 2.5, (0.75, 0.25))" 0.6524356654324458
"(210, 2, 0.2, 0.6, 1.5, (0.5, 0.5))" 0.6880619985352767
"(210, 2, 0.2, 0.6, 1.5, (0.25, 0.75))" 0.6867848362378999
"(210, 2, 0.2, 0.6, 1.5, (0.75, 0.25))" 0.6891866790524611
"(210, 2, 0.2, 0.6, 2, (0.5, 0.5))" 0.6744073114632294
"(210, 2, 0.2, 0.6, 2, (0.25, 0.75))" 0.6731097723993781
"(210, 2, 0.2, 0.6, 2, (0.75, 0.25))" 0.6755425320737861
"(210, 2, 0.2, 0.6, 2.5, (0.5, 0.5))" 0.6555792353137586
"(210, 2, 0.2, 0.6, 2.5, (0.25, 0.75))" 0.6545762727699904
"(210, 2, 0.2, 0.6, 2.5, (0.75, 0.25))" 0.6563955438991126
"(210, 2, 0.2, 0.8, 1.5, (0.5, 0.5))" 0.691242168198739
"(210, 2, 0.2, 0.8, 1.5, (0.25, 0.75))" 0.6898136163968321
"(210, 2, 0.2, 0.8, 1.5, (0.75, 0.25))" 0.6923607912615055
"(210, 2, 0.2, 0.8, 2, (0.5, 0.5))" 0.6765612546663903
"(210, 2, 0.2, 0.8, 2, (0.25, 0.75))" 0.6752061329997406
"(210, 2, 0.2, 0.8, 2, (0.75, 0.25))" 0.6775804932863952
"(210, 2, 0.2, 0.8, 2.5, (0.5, 0.5))" 0.6563589876280987
"(210, 2, 0.2, 0.8, 2.5, (0.25, 0.75))" 0.6554964636114888
"(210, 2, 0.2, 0.8, 2.5, (0.75, 0.25))" 0.6568337493486032
"(210, 2, 0.5, 0.4, 1.5, (0.5, 0.5))" 0.6816990632327787
"(210, 2, 0.5, 0.4, 1.5, (0.25, 0.75))" 0.6808079857273521
"(210, 2, 0.5, 0.4, 1.5, (0.75, 0.25))" 0.6825308238930877
"(210, 2, 0.5, 0.4, 2, (0.5, 0.5))" 0.6688836720846996
"(210, 2, 0.5, 0.4, 2, (0.25, 0.75))" 0.6679556927861726
"(210, 2, 0.5, 0.4, 2, (0.75, 0.25))" 0.6697494039221734
"(210, 2, 0.5, 0.4, 2.5, (0.5, 0.5))" 0.6513431163347898
"(210, 2, 0.5, 0.4, 2.5, (0.25, 0.75))" 0.6505701770545359
"(210, 2, 0.5, 0.4, 2.5, (0.75, 0.25))" 0.6520475370351908
"(210, 2, 0.5, 0.6, 1.5, (0.5, 0.5))" 0.6876731587805461
"(210, 2, 0.5, 0.6, 1.5, (0.25, 0.75))" 0.6864169308476453
"(210, 2, 0.5, 0.6, 1.5, (0.75, 0.25))" 0.6887917120041264
"(210, 2, 0.5, 0.6, 2, (0.5, 0.5))" 0.6740096994379194
"(210, 2, 0.5, 0.6, 2, (0.25, 0.75))" 0.6727528334292394
"(210, 2, 0.5, 0.6, 2, (0.75, 0.25))" 0.6751212164783891
"(210, 2, 0.5, 0.6, 2.5, (0.5, 0.5))" 0.6552532170027328
"(210, 2, 0.5, 0.6, 2.5, (0.25, 0.75))" 0.6542830190444334
"(210, 2, 0.5, 0.6, 2.5, (0.75, 0.25))" 0.6560623770546821
"(210, 2, 0.5, 0.8, 1.5, (0.5, 0.5))" 0.6914256021107243
"(210, 2, 0.5, 0.8, 1.5, (0.25, 0.75))" 0.6899130469284025
"(210, 2, 0.5, 0.8, 1.5, (0.75, 0.25))" 0.6926900253830752
"(210, 2, 0.5, 0.8, 2, (0.5, 0.5))" 0.67679264881315
"(210, 2, 0.5, 0.8, 2, (0.25, 0.75))" 0.6753578569627879
"(210, 2, 0.5, 0.8, 2, (0.75, 0.25))" 0.6779649748657955
"(210, 2, 0.5, 0.8, 2.5, (0.5, 0.5))" 0.6567536279236869
"(210, 2, 0.5, 0.8, 2.5, (0.25, 0.75))" 0.6557753384773871
"(210, 2, 0.5, 0.8, 2.5, (0.75, 0.25))" 0.657439783190156
"(210, 2, 0.8, 0.4, 1.5, (0.5, 0.5))" 0.6813502558767527
"(210, 2, 0.8, 0.4, 1.5, (0.25, 0.75))" 0.6804910747658216
"(210, 2, 0.8, 0.4, 1.5, (0.75, 0.25))" 0.6821486057008077
"(210, 2, 0.8, 0.4, 2, (0.5, 0.5))" 0.6685226074435151
"(210, 2, 0.8, 0.4, 2, (0.25, 0.75))" 0.6676386207267218
"(210, 2, 0.8, 0.4, 2, (0.75, 0.25))" 0.6693428229101144
"(210, 2, 0.8, 0.4, 2.5, (0.5, 0.5))" 0.6510058405259062
"(210, 2, 0.8, 0.4, 2.5, (0.25, 0.75))" 0.6502771524384486
"(210, 2, 0.8, 0.4, 2.5, (0.75, 0.25))" 0.6516668724385768
"(210, 2, 0.8, 0.6, 1.5, (0.5, 0.5))" 0.6871919830825972
"(210, 2, 0.8, 0.6, 1.5, (0.25, 0.75))" 0.6859902248685105
"(210, 2, 0.8, 0.6, 1.5, (0.75, 0.25))" 0.6882612830684935
"(210, 2, 0.8, 0.6, 2, (0.5, 0.5))" 0.6735427060612168
"(210, 2, 0.8, 0.6, 2, (0.25, 0.75))" 0.6723495590490555
"(210, 2, 0.8, 0.6, 2, (0.75, 0.25))" 0.6745981208427987
"(210, 2, 0.8, 0.6, 2.5, (0.5, 0.5))" 0.6548661013573606
"(210, 2, 0.8, 0.6, 2.5, (0.25, 0.75))" 0.6539467799642698
"(210, 2, 0.8, 0.6, 2.5, (0.75, 0.25))" 0.6556394865328828
"(210, 2, 0.8, 0.8, 1.5, (0.5, 0.5))" 0.6911696098660658
"(210, 2, 0.8, 0.8, 1.5, (0.25, 0.75))" 0.6896912734537082
"(210, 2, 0.8, 0.8, 1.5, (0.75, 0.25))" 0.6924228681163493
"(210, 2, 0.8, 0.8, 2, (0.5, 0.5))" 0.6766079647496445
"(210, 2, 0.8, 0.8, 2, (0.25, 0.75))" 0.6752016490710397
"(210, 2, 0.8, 0.8, 2, (0.75, 0.25))" 0.6777831155661141
"(210, 2, 0.8, 0.8, 2.5, (0.5, 0.5))" 0.6567338566470946
"(210, 2, 0.8, 0.8, 2.5, (0.25, 0.75))" 0.6557457791637188
"(210, 2, 0.8, 0.8, 2.5, (0.75, 0.25))" 0.6574779028491048
"(210, 4, 0.2, 0.4, 1.5, (0.5, 0.5))" 0.69131273790349
"(210, 4, 0.2, 0.4, 1.5, (0.25, 0.75))" 0.6900647481897565
"(210, 4, 0.2, 0.4, 1.5, (0.75, 0.25))" 0.6924366001636364
"(210, 4, 0.2, 0.4, 2, (0.5, 0.5))" 0.67826219220946
"(210, 4, 0.2, 0.4, 2, (0.25, 0.75))" 0.6769980674820187
"(210, 4, 0.2, 0.4, 2, (0.75, 0.25))" 0.67940053334984
"(210, 4, 0.2, 0.4, 2.5, (0.5, 0.5))" 0.6600630076670856
"(210, 4, 0.2, 0.4, 2.5, (0.25, 0.75))" 0.658976440822371
"(210, 4, 0.2, 0.4, 2.5, (0.75, 0.25))" 0.6610149046837005
"(210, 4, 0.2, 0.6, 1.5, (0.5, 0.5))" 0.7003596946109708
"(210, 4, 0.2, 0.6, 1.5, (0.25, 0.75))" 0.6987660495803363
"(210, 4, 0.2, 0.6, 1.5, (0.75, 0.25))" 0.701629508702012
"(210, 4, 0.2, 0.6, 2, (0.5, 0.5))" 0.6861622050326143
"(210, 4, 0.2, 0.6, 2, (0.25, 0.75))" 0.6846167161727943
"(210, 4, 0.2, 0.6, 2, (0.75, 0.25))" 0.6873746008822652
"(210, 4, 0.2, 0.6, 2.5, (0.5, 0.5))" 0.6663118582560693
"(210, 4, 0.2, 0.6, 2.5, (0.25, 0.75))" 0.6651200000834118
"(210, 4, 0.2, 0.6, 2.5, (0.75, 0.25))" 0.6671455664897559
"(210, 4, 0.2, 0.8, 1.5, (0.5, 0.5))" 0.704956258092505
"(210, 4, 0.2, 0.8, 1.5, (0.25, 0.75))" 0.7035098091992773
"(210, 4, 0.2, 0.8, 1.5, (0.75, 0.25))" 0.7057339152833516
"(210, 4, 0.2, 0.8, 2, (0.5, 0.5))" 0.6894121919097723
"(210, 4, 0.2, 0.8, 2, (0.25, 0.75))" 0.688147905135312
"(210, 4, 0.2, 0.8, 2, (0.75, 0.25))" 0.6899794044050981
"(210, 4, 0.2, 0.8, 2.5, (0.5, 0.5))" 0.6677463494103031
"(210, 4, 0.2, 0.8, 2.5, (0.25, 0.75))" 0.6670820527567942
"(210, 4, 0.2, 0.8, 2.5, (0.75, 0.25))" 0.6676593973276401
"(210, 4, 0.5, 0.4, 1.5, (0.5, 0.5))" 0.691027736436013
"(210, 4, 0.5, 0.4, 1.5, (0.25, 0.75))" 0.6897664928408448
"(210, 4, 0.5, 0.4, 1.5, (0.75, 0.25))" 0.6921708396922455
"(210, 4, 0.5, 0.4, 2, (0.5, 0.5))" 0.677933336030559
"(210, 4, 0.5, 0.4, 2, (0.25, 0.75))" 0.6766800962710359
"(210, 4, 0.5, 0.4, 2, (0.75, 0.25))" 0.6790660732371628
"(210, 4, 0.5, 0.4, 2.5, (0.5, 0.5))" 0.6597315403653194
"(210, 4, 0.5, 0.4, 2.5, (0.25, 0.75))" 0.6586657996775731
"(210, 4, 0.5, 0.4, 2.5, (0.75, 0.25))" 0.6606691411029381
"(210, 4, 0.5, 0.6, 1.5, (0.5, 0.5))" 0.7000077769566849
"(210, 4, 0.5, 0.6, 1.5, (0.25, 0.75))" 0.6983614031532462
"(210, 4, 0.5, 0.6, 1.5, (0.75, 0.25))" 0.7013657828643299
"(210, 4, 0.5, 0.6, 2, (0.5, 0.5))" 0.6857748723195844
"(210, 4, 0.5, 0.6, 2, (0.25, 0.75))" 0.6842060955369514
"(210, 4, 0.5, 0.6, 2, (0.75, 0.25))" 0.6870473464797789
"(210, 4, 0.5, 0.6, 2.5, (0.5, 0.5))" 0.6659642989426795
"(210, 4, 0.5, 0.6, 2.5, (0.25, 0.75))" 0.6647525339051977
"(210, 4, 0.5, 0.6, 2.5, (0.75, 0.25))" 0.666860233989021
"(210, 4, 0.5, 0.8, 1.5, (0.5, 0.5))" 0.7052175513190795
"(210, 4, 0.5, 0.8, 1.5, (0.25, 0.75))" 0.7035233562386176
"(210, 4, 0.5, 0.8, 1.5, (0.75, 0.25))" 0.7063642670603302
"(210, 4, 0.5, 0.8, 2, (0.5, 0.5))" 0.6896830447509731
"(210, 4, 0.5, 0.8, 2, (0.25, 0.75))" 0.6881918514524461
"(210, 4, 0.5, 0.8, 2, (0.75, 0.25))" 0.6906088416538687
"(210, 4, 0.5, 0.8, 2.5, (0.5, 0.5))" 0.6681374406964843
"(210, 4, 0.5, 0.8, 2.5, (0.25, 0.75))" 0.6672285054681589
"(210, 4, 0.5, 0.8, 2.5, (0.75, 0.25))" 0.6684432310842573
"(210, 4, 0.8, 0.4, 1.5, (0.5, 0.5))" 0.6907083709597478
"(210, 4, 0.8, 0.4, 1.5, (0.25, 0.75))" 0.6894537028324638
"(210, 4, 0.8, 0.4, 1.5, (0.75, 0.25))" 0.6918477107112706
"(210, 4, 0.8, 0.4, 2, (0.5, 0.5))" 0.6775924582338402
"(210, 4, 0.8, 0.4, 2, (0.25, 0.75))" 0.6763605120056826
"(210, 4, 0.8, 0.4, 2, (0.75, 0.25))" 0.67870693468792
"(210, 4, 0.8, 0.4, 2.5, (0.5, 0.5))" 0.6594019783948524
"(210, 4, 0.8, 0.4, 2.5, (0.25, 0.75))" 0.6583613741991935
"(210, 4, 0.8, 0.4, 2.5, (0.75, 0.25))" 0.6603192471655758
"(210, 4, 0.8, 0.6, 1.5, (0.5, 0.5))" 0.699563301948262
"(210, 4, 0.8, 0.6, 1.5, (0.25, 0.75))" 0.6979108389770068
"(210, 4, 0.8, 0.6, 1.5, (0.75, 0.25))" 0.7009481513415514
"(210, 4, 0.8, 0.6, 2, (0.5, 0.5))" 0.6853283539930362
"(210, 4, 0.8, 0.6, 2, (0.25, 0.75))" 0.6837679950003864
"(210, 4, 0.8, 0.6, 2, (0.75, 0.25))" 0.6866158078688276
"(210, 4, 0.8, 0.6, 2.5, (0.5, 0.5))" 0.6655759485594147
"(210, 4, 0.8, 0.6, 2.5, (0.25, 0.75))" 0.6643670419240735
"(210, 4, 0.8, 0.6, 2.5, (0.75, 0.25))" 0.6664983954040814
"(210, 4, 0.8, 0.8, 1.5, (0.5, 0.5))" 0.7051002536216684
"(210, 4, 0.8, 0.8, 1.5, (0.25, 0.75))" 0.7033000110582078
"(210, 4, 0.8, 0.8, 1.5, (0.75, 0.25))" 0.7064192090405087
"(210, 4, 0.8, 0.8, 2, (0.5, 0.5))" 0.689612944903559
"(210, 4, 0.8, 0.8, 2, (0.25, 0.75))" 0.68801895049471
"(210, 4, 0.8, 0.8, 2, (0.75, 0.25))" 0.6907170188716151
"(210, 4, 0.8, 0.8, 2.5, (0.5, 0.5))" 0.6682036379367181
"(210, 4, 0.8, 0.8, 2.5, (0.25, 0.75))" 0.6671651899073177
"(210, 4, 0.8, 0.8, 2.5, (0.75, 0.25))" 0.6687288720673566
"(210, 8, 0.2, 0.4, 1.5, (0.5, 0.5))" 0.7011068036871186
"(210, 8, 0.2, 0.4, 1.5, (0.25, 0.75))" 0.6987876601588672
"(210, 8, 0.2, 0.4, 1.5, (0.75, 0.25))" 0.7032273523730773
"(210, 8, 0.2, 0.4, 2, (0.5, 0.5))" 0.6879242918824809
"(210, 8, 0.2, 0.4, 2, (0.25, 0.75))" 0.6856693057107707
"(210, 8, 0.2, 0.4, 2, (0.75, 0.25))" 0.6899821489547361
"(210, 8, 0.2, 0.4, 2.5, (0.5, 0.5))" 0.6696061301744234
"(210, 8, 0.2, 0.4, 2.5, (0.25, 0.75))" 0.6675812456221891
"(210, 8, 0.2, 0.4, 2.5, (0.75, 0.25))" 0.6714204424852882
"(210, 8, 0.2, 0.6, 1.5, (0.5, 0.5))" 0.7145775790981485
"(210, 8, 0.2, 0.6, 1.5, (0.25, 0.75))" 0.7115283581347218
"(210, 8, 0.2, 0.6, 1.5, (0.75, 0.25))" 0.7171077351652246
"(210, 8, 0.2, 0.6, 2, (0.5, 0.5))" 0.7002341201242162
"(210, 8, 0.2, 0.6, 2, (0.25, 0.75))" 0.6973475700643272
"(210, 8, 0.2, 0.6, 2, (0.75, 0.25))" 0.7026056364873398
"(210, 8, 0.2, 0.6, 2.5, (0.5, 0.5))" 0.6801639299131281
"(210, 8, 0.2, 0.6, 2.5, (0.25, 0.75))" 0.6777271421751251
"(210, 8, 0.2, 0.6, 2.5, (0.75, 0.25))" 0.6820521295165137
"(210, 8, 0.2, 0.8, 1.5, (0.5, 0.5))" 0.723146125593739
"(210, 8, 0.2, 0.8, 1.5, (0.25, 0.75))" 0.7201059986673525
"(210, 8, 0.2, 0.8, 1.5, (0.75, 0.25))" 0.7250564345308074
"(210, 8, 0.2, 0.8, 2, (0.5, 0.5))" 0.7074925346213444
"(210, 8, 0.2, 0.8, 2, (0.25, 0.75))" 0.7047663571604448
"(210, 8, 0.2, 0.8, 2, (0.75, 0.25))" 0.7090959527290918
"(210, 8, 0.2, 0.8, 2.5, (0.5, 0.5))" 0.6854889670442855
"(210, 8, 0.2, 0.8, 2.5, (0.25, 0.75))" 0.6835091603182668
"(210, 8, 0.2, 0.8, 2.5, (0.75, 0.25))" 0.6862830261567099
"(210, 8, 0.5, 0.4, 1.5, (0.5, 0.5))" 0.7009252787672734
"(210, 8, 0.5, 0.4, 1.5, (0.25, 0.75))" 0.6985739565124466
"(210, 8, 0.5, 0.4, 1.5, (0.75, 0.25))" 0.7030853321525082
"(210, 8, 0.5, 0.4, 2, (0.5, 0.5))" 0.6876888526597362
"(210, 8, 0.5, 0.4, 2, (0.25, 0.75))" 0.685426768759087
"(210, 8, 0.5, 0.4, 2, (0.75, 0.25))" 0.6897591495362204
"(210, 8, 0.5, 0.4, 2.5, (0.5, 0.5))" 0.6693437251482263
"(210, 8, 0.5, 0.4, 2.5, (0.25, 0.75))" 0.6673260015904993
"(210, 8, 0.5, 0.4, 2.5, (0.75, 0.25))" 0.6711583394346783
"(210, 8, 0.5, 0.6, 1.5, (0.5, 0.5))" 0.7142787829835672
"(210, 8, 0.5, 0.6, 1.5, (0.25, 0.75))" 0.7111570254894635
"(210, 8, 0.5, 0.6, 1.5, (0.75, 0.25))" 0.7169190212252431
"(210, 8, 0.5, 0.6, 2, (0.5, 0.5))" 0.6998640697571057
"(210, 8, 0.5, 0.6, 2, (0.25, 0.75))" 0.6969426462644992
"(210, 8, 0.5, 0.6, 2, (0.75, 0.25))" 0.7023035815235859
"(210, 8, 0.5, 0.6, 2.5, (0.5, 0.5))" 0.6797816297237987
"(210, 8, 0.5, 0.6, 2.5, (0.25, 0.75))" 0.677322457699281
"(210, 8, 0.5, 0.6, 2.5, (0.75, 0.25))" 0.6817321701871837
"(210, 8, 0.5, 0.8, 1.5, (0.5, 0.5))" 0.7231662055036943
"(210, 8, 0.5, 0.8, 1.5, (0.25, 0.75))" 0.719870233628747
"(210, 8, 0.5, 0.8, 1.5, (0.75, 0.25))" 0.7254875447922019
"(210, 8, 0.5, 0.8, 2, (0.5, 0.5))" 0.7074344058421669
"(210, 8, 0.5, 0.8, 2, (0.25, 0.75))" 0.7044995791032705
"(210, 8, 0.5, 0.8, 2, (0.75, 0.25))" 0.7093964482063906
"(210, 8, 0.5, 0.8, 2.5, (0.5, 0.5))" 0.6854572490227904
"(210, 8, 0.5, 0.8, 2.5, (0.25, 0.75))" 0.6832690982960758
"(210, 8, 0.5, 0.8, 2.5, (0.75, 0.25))" 0.6866256114421336
"(210, 8, 0.8, 0.4, 1.5, (0.5, 0.5))" 0.7006945811310956
"(210, 8, 0.8, 0.4, 1.5, (0.25, 0.75))" 0.6983350451269221
"(210, 8, 0.8, 0.4, 1.5, (0.75, 0.25))" 0.7028662984054701
"(210, 8, 0.8, 0.4, 2, (0.5, 0.5))" 0.6874278334908004
"(210, 8, 0.8, 0.4, 2, (0.25, 0.75))" 0.6851725929540974
"(210, 8, 0.8, 0.4, 2, (0.75, 0.25))" 0.6894945087409187
"(210, 8, 0.8, 0.4, 2.5, (0.5, 0.5))" 0.6690720568770894
"(210, 8, 0.8, 0.4, 2.5, (0.25, 0.75))" 0.6670691606277163
"(210, 8, 0.8, 0.4, 2.5, (0.75, 0.25))" 0.6708771057138869
"(210, 8, 0.8, 0.6, 1.5, (0.5, 0.5))" 0.7138920256211904
"(210, 8, 0.8, 0.6, 1.5, (0.25, 0.75))" 0.7107446958093008
"(210, 8, 0.8, 0.6, 1.5, (0.75, 0.25))" 0.7165813073209623
"(210, 8, 0.8, 0.6, 2, (0.5, 0.5))" 0.6994460689740165
"(210, 8, 0.8, 0.6, 2, (0.25, 0.75))" 0.696518501455479
"(210, 8, 0.8, 0.6, 2, (0.75, 0.25))" 0.7019155768281855
"(210, 8, 0.8, 0.6, 2.5, (0.5, 0.5))" 0.6793749974993063
"(210, 8, 0.8, 0.6, 2.5, (0.25, 0.75))" 0.6769130389346004
"(210, 8, 0.8, 0.6, 2.5, (0.75, 0.25))" 0.6813585495917246
"(210, 8, 0.8, 0.8, 1.5, (0.5, 0.5))" 0.7229430821179673
"(210, 8, 0.8, 0.8, 1.5, (0.25, 0.75))" 0.7195117296066128
"(210, 8, 0.8, 0.8, 1.5, (0.75, 0.25))" 0.7254902345221481
"(210, 8, 0.8, 0.8, 2, (0.5, 0.5))" 0.7071923490511021
"(210, 8, 0.8, 0.8, 2, (0.25, 0.75))" 0.7041407908958524
"(210, 8, 0.8, 0.8, 2, (0.75, 0.25))" 0.7093647742625143
"(210, 8, 0.8, 0.8, 2.5, (0.5, 0.5))" 0.6852703665834393
"(210, 8, 0.8, 0.8, 2.5, (0.25, 0.75))" 0.6829549638300646
"(210, 8, 0.8, 0.8, 2.5, (0.75, 0.25))" 0.6866741407175225
"(420, 2, 0.2, 0.4, 1.5, (0.5, 0.5))" 0.66259255919538
"(420, 2, 0.2, 0.4, 1.5, (0.25, 0.75))" 0.6619971640705626
"(420, 2, 0.2, 0.4, 1.5, (0.75, 0.25))" 0.663163128712192
"(420, 2, 0.2, 0.4, 2, (0.5, 0.5))" 0.6515703217681009
"(420, 2, 0.2, 0.4, 2, (0.25, 0.75))" 0.650879767524029
"(420, 2, 0.2, 0.4, 2, (0.75, 0.25))" 0.6522348617209461
"(420, 2, 0.2, 0.4, 2.5, (0.5, 0.5))" 0.6366178273554612
"(420, 2, 0.2, 0.4, 2.5, (0.25, 0.75))" 0.6360022584573163
"(420, 2, 0.2, 0.4, 2.5, (0.75, 0.25))" 0.6372013587375253
"(420, 2, 0.2, 0.6, 1.5, (0.5, 0.5))" 0.665925766768112
"(420, 2, 0.2, 0.6, 1.5, (0.25, 0.75))" 0.6650682102101566
"(420, 2, 0.2, 0.6, 1.5, (0.75, 0.25))" 0.6667185531485983
"(420, 2, 0.2, 0.6, 2, (0.5, 0.5))" 0.6548048110679133
"(420, 2, 0.2, 0.6, 2, (0.25, 0.75))" 0.6538373262101319
"(420, 2, 0.2, 0.6, 2, (0.75, 0.25))" 0.655701967423798
"(420, 2, 0.2, 0.6, 2.5, (0.5, 0.5))" 0.6394331003406214
"(420, 2, 0.2, 0.6, 2.5, (0.25, 0.75))" 0.6386125468789641
"(420, 2, 0.2, 0.6, 2.5, (0.75, 0.25))" 0.6401664975790203
"(420, 2, 0.2, 0.8, 1.5, (0.5, 0.5))" 0.6675581456307084
"(420, 2, 0.2, 0.8, 1.5, (0.25, 0.75))" 0.6665484789789672
"(420, 2, 0.2, 0.8, 1.5, (0.75, 0.25))" 0.6684315876605003
"(420, 2, 0.2, 0.8, 2, (0.5, 0.5))" 0.6562973862383612
"(420, 2, 0.2, 0.8, 2, (0.25, 0.75))" 0.6551917165432826
"(420, 2, 0.2, 0.8, 2, (0.75, 0.25))" 0.6572514435711487
"(420, 2, 0.2, 0.8, 2.5, (0.5, 0.5))" 0.6405065867648544
"(420, 2, 0.2, 0.8, 2.5, (0.25, 0.75))" 0.6396453641452945
"(420, 2, 0.2, 0.8, 2.5, (0.75, 0.25))" 0.6411803079991236
"(420, 2, 0.5, 0.4, 1.5, (0.5, 0.5))" 0.6627465761587403
"(420, 2, 0.5, 0.4, 1.5, (0.25, 0.75))" 0.6620678606446468
"(420, 2, 0.5, 0.4, 1.5, (0.75, 0.25))" 0.6633995664071032
"(420, 2, 0.5, 0.4, 2, (0.5, 0.5))" 0.6516574079226674
"(420, 2, 0.5, 0.4, 2, (0.25, 0.75))" 0.6509044788045274
"(420, 2, 0.5, 0.4, 2, (0.75, 0.25))" 0.6523824304590934
"(420, 2, 0.5, 0.4, 2.5, (0.5, 0.5))" 0.6366611502007512
"(420, 2, 0.5, 0.4, 2.5, (0.25, 0.75))" 0.6359978163930926
"(420, 2, 0.5, 0.4, 2.5, (0.75, 0.25))" 0.6372913594471966
"(420, 2, 0.5, 0.6, 1.5, (0.5, 0.5))" 0.6662624667406624
"(420, 2, 0.5, 0.6, 1.5, (0.25, 0.75))" 0.6652709146441929
"(420, 2, 0.5, 0.6, 1.5, (0.75, 0.25))" 0.667194057835795
"(420, 2, 0.5, 0.6, 2, (0.5, 0.5))" 0.6550177569004315
"(420, 2, 0.5, 0.6, 2, (0.25, 0.75))" 0.6539509281854321
"(420, 2, 0.5, 0.6, 2, (0.75, 0.25))" 0.6560183106928846
"(420, 2, 0.5, 0.6, 2.5, (0.5, 0.5))" 0.6395696950851498
"(420, 2, 0.5, 0.6, 2.5, (0.25, 0.75))" 0.6386709103348034
"(420, 2, 0.5, 0.6, 2.5, (0.75, 0.25))" 0.6403887336925637
"(420, 2, 0.5, 0.8, 1.5, (0.5, 0.5))" 0.6684261395938599
"(420, 2, 0.5, 0.8, 1.5, (0.25, 0.75))" 0.667172590743849
"(420, 2, 0.5, 0.8, 1.5, (0.75, 0.25))" 0.6695702243771224
"(420, 2, 0.5, 0.8, 2, (0.5, 0.5))" 0.65696593153112
"(420, 2, 0.5, 0.8, 2, (0.25, 0.75))" 0.6556644920639236
"(420, 2, 0.5, 0.8, 2, (0.75, 0.25))" 0.6581444135607898
"(420, 2, 0.5, 0.8, 2.5, (0.5, 0.5))" 0.6410498797466985
"(420, 2, 0.5, 0.8, 2.5, (0.25, 0.75))" 0.6400194502715396
"(420, 2, 0.5, 0.8, 2.5, (0.75, 0.25))" 0.6419305399951301
"(420, 2, 0.8, 0.4, 1.5, (0.5, 0.5))" 0.6627844686209954
"(420, 2, 0.8, 0.4, 1.5, (0.25, 0.75))" 0.6620670548159758
"(420, 2, 0.8, 0.4, 1.5, (0.75, 0.25))" 0.6634728514755599
"(420, 2, 0.8, 0.4, 2, (0.5, 0.5))" 0.6516502338654561
"(420, 2, 0.8, 0.4, 2, (0.25, 0.75))" 0.6508716444870385
"(420, 2, 0.8, 0.4, 2, (0.75, 0.25))" 0.6523972027293402
"(420, 2, 0.8, 0.4, 2.5, (0.5, 0.5))" 0.6366295045588264
"(420, 2, 0.8, 0.4, 2.5, (0.25, 0.75))" 0.635948014260515
"(420, 2, 0.8, 0.4, 2.5, (0.75, 0.25))" 0.6372752606501443
"(420, 2, 0.8, 0.6, 1.5, (0.5, 0.5))" 0.6663743493584663
"(420, 2, 0.8, 0.6, 1.5, (0.25, 0.75))" 0.6653298495099244
"(420, 2, 0.8, 0.6, 1.5, (0.75, 0.25))" 0.6673551996097843
"(420, 2, 0.8, 0.6, 2, (0.5, 0.5))" 0.6550486372767558
"(420, 2, 0.8, 0.6, 2, (0.25, 0.75))" 0.6539487626631156
"(420, 2, 0.8, 0.6, 2, (0.75, 0.25))" 0.6560790935829118
"(420, 2, 0.8, 0.6, 2.5, (0.5, 0.5))" 0.6395602014476935
"(420, 2, 0.8, 0.6, 2.5, (0.25, 0.75))" 0.6386369129586672
"(420, 2, 0.8, 0.6, 2.5, (0.75, 0.25))" 0.6404044325361048
"(420, 2, 0.8, 0.8, 1.5, (0.5, 0.5))" 0.6688241984546262
"(420, 2, 0.8, 0.8, 1.5, (0.25, 0.75))" 0.6674800145601255
"(420, 2, 0.8, 0.8, 1.5, (0.75, 0.25))" 0.67005924986714
"(420, 2, 0.8, 0.8, 2, (0.5, 0.5))" 0.6572416574859593
"(420, 2, 0.8, 0.8, 2, (0.25, 0.75))" 0.6558730569347996
"(420, 2, 0.8, 0.8, 2, (0.75, 0.25))" 0.6584913684086424
"(420, 2, 0.8, 0.8, 2.5, (0.5, 0.5))" 0.641264564879331
"(420, 2, 0.8, 0.8, 2.5, (0.25, 0.75))" 0.6401729463145623
"(420, 2, 0.8, 0.8, 2.5, (0.75, 0.25))" 0.6422198183837466
"(420, 4, 0.2, 0.4, 1.5, (0.5, 0.5))" 0.6664213648892491
"(420, 4, 0.2, 0.4, 1.5, (0.25, 0.75))" 0.6657645081381993
"(420, 4, 0.2, 0.4, 1.5, (0.75, 0.25))" 0.6670157821968091
"(420, 4, 0.2, 0.4, 2, (0.5, 0.5))" 0.6549011915202569
"(420, 4, 0.2, 0.4, 2, (0.25, 0.75))" 0.6542245871082409
"(420, 4, 0.2, 0.4, 2, (0.75, 0.25))" 0.6555130580206401
"(420, 4, 0.2, 0.4, 2.5, (0.5, 0.5))" 0.6395245160339094
"(420, 4, 0.2, 0.4, 2.5, (0.25, 0.75))" 0.6390000122020383
"(420, 4, 0.2, 0.4, 2.5, (0.75, 0.25))" 0.6399747323142606
"(420, 4, 0.2, 0.6, 1.5, (0.5, 0.5))" 0.6712186477868703
"(420, 4, 0.2, 0.6, 1.5, (0.25, 0.75))" 0.6703909471675227
"(420, 4, 0.2, 0.6, 1.5, (0.75, 0.25))" 0.6718828807136282
"(420, 4, 0.2, 0.6, 2, (0.5, 0.5))" 0.658873342277519
"(420, 4, 0.2, 0.6, 2, (0.25, 0.75))" 0.658076941605897
"(420, 4, 0.2, 0.6, 2, (0.75, 0.25))" 0.6594962444760654
"(420, 4, 0.2, 0.6, 2.5, (0.5, 0.5))" 0.6423396506586622
"(420, 4, 0.2, 0.6, 2.5, (0.25, 0.75))" 0.6418365126542255
"(420, 4, 0.2, 0.6, 2.5, (0.75, 0.25))" 0.6426426425188825
"(420, 4, 0.2, 0.8, 1.5, (0.5, 0.5))" 0.672657742723069
"(420, 4, 0.2, 0.8, 1.5, (0.25, 0.75))" 0.6719546256683013
"(420, 4, 0.2, 0.8, 1.5, (0.75, 0.25))" 0.6730216956268511
"(420, 4, 0.2, 0.8, 2, (0.5, 0.5))" 0.6593590967643216
"(420, 4, 0.2, 0.8, 2, (0.25, 0.75))" 0.6587902984892734
"(420, 4, 0.2, 0.8, 2, (0.75, 0.25))" 0.6595637028082726
"(420, 4, 0.2, 0.8, 2.5, (0.5, 0.5))" 0.6415943525615455
"(420, 4, 0.2, 0.8, 2.5, (0.25, 0.75))" 0.6415068497108385
"(420, 4, 0.2, 0.8, 2.5, (0.75, 0.25))" 0.6412630185229949
"(420, 4, 0.5, 0.4, 1.5, (0.5, 0.5))" 0.6665769570204901
"(420, 4, 0.5, 0.4, 1.5, (0.25, 0.75))" 0.6658178493833217
"(420, 4, 0.5, 0.4, 1.5, (0.75, 0.25))" 0.6672770060908165
"(420, 4, 0.5, 0.4, 2, (0.5, 0.5))" 0.6550422128226813
"(420, 4, 0.5, 0.4, 2, (0.25, 0.75))" 0.6542709180831501
"(420, 4, 0.5, 0.4, 2, (0.75, 0.25))" 0.6557523856239644
"(420, 4, 0.5, 0.4, 2.5, (0.5, 0.5))" 0.639653917120715
"(420, 4, 0.5, 0.4, 2.5, (0.25, 0.75))" 0.6390423006548798
"(420, 4, 0.5, 0.4, 2.5, (0.75, 0.25))" 0.6401965949509975
"(420, 4, 0.5, 0.6, 1.5, (0.5, 0.5))" 0.6716005043982988
"(420, 4, 0.5, 0.6, 1.5, (0.25, 0.75))" 0.6705914077446942
"(420, 4, 0.5, 0.6, 1.5, (0.75, 0.25))" 0.6724653687017315
"(420, 4, 0.5, 0.6, 2, (0.5, 0.5))" 0.6592500597705053
"(420, 4, 0.5, 0.6, 2, (0.25, 0.75))" 0.6582781330335252
"(420, 4, 0.5, 0.6, 2, (0.75, 0.25))" 0.6600700413840588
"(420, 4, 0.5, 0.6, 2.5, (0.5, 0.5))" 0.6427214894606443
"(420, 4, 0.5, 0.6, 2.5, (0.25, 0.75))" 0.6420465088803499
"(420, 4, 0.5, 0.6, 2.5, (0.75, 0.25))" 0.6432235562631778
"(420, 4, 0.5, 0.8, 1.5, (0.5, 0.5))" 0.6737466289598701
"(420, 4, 0.5, 0.8, 1.5, (0.25, 0.75))" 0.672688132408268
"(420, 4, 0.5, 0.8, 1.5, (0.75, 0.25))" 0.6745298908656525
"(420, 4, 0.5, 0.8, 2, (0.5, 0.5))" 0.6604636395505336
"(420, 4, 0.5, 0.8, 2, (0.25, 0.75))" 0.659537187850827
"(420, 4, 0.5, 0.8, 2, (0.75, 0.25))" 0.6610969106624377
"(420, 4, 0.5, 0.8, 2.5, (0.5, 0.5))" 0.6427306608922263
"(420, 4, 0.5, 0.8, 2.5, (0.25, 0.75))" 0.6422793430992424
"(420, 4, 0.5, 0.8, 2.5, (0.75, 0.25))" 0.6428467946836621
"(420, 4, 0.8, 0.4, 1.5, (0.5, 0.5))" 0.6666072986074464
"(420, 4, 0.8, 0.4, 1.5, (0.25, 0.75))" 0.6657950734962818
"(420, 4, 0.8, 0.4, 1.5, (0.75, 0.25))" 0.6673609092963617
"(420, 4, 0.8, 0.4, 2, (0.5, 0.5))" 0.6550689224105763
"(420, 4, 0.8, 0.4, 2, (0.25, 0.75))" 0.6542481151171506
"(420, 4, 0.8, 0.4, 2, (0.75, 0.25))" 0.655829282401261
"(420, 4, 0.8, 0.4, 2.5, (0.5, 0.5))" 0.6396833267864777
"(420, 4, 0.8, 0.4, 2.5, (0.25, 0.75))" 0.6390244746305985
"(420, 4, 0.8, 0.4, 2.5, (0.75, 0.25))" 0.640275492125291
"(420, 4, 0.8, 0.6, 1.5, (0.5, 0.5))" 0.6717496360257333
"(420, 4, 0.8, 0.6, 1.5, (0.25, 0.75))" 0.6706473989221658
"(420, 4, 0.8, 0.6, 1.5, (0.75, 0.25))" 0.6727161778019703
"(420, 4, 0.8, 0.6, 2, (0.5, 0.5))" 0.6594099080824702
"(420, 4, 0.8, 0.6, 2, (0.25, 0.75))" 0.6583450718271715
"(420, 4, 0.8, 0.6, 2, (0.75, 0.25))" 0.6603333900592248
"(420, 4, 0.8, 0.6, 2.5, (0.5, 0.5))" 0.6429068781426227
"(420, 4, 0.8, 0.6, 2.5, (0.25, 0.75))" 0.6421351985296639
"(420, 4, 0.8, 0.6, 2.5, (0.75, 0.25))" 0.6435212195552994
"(420, 4, 0.8, 0.8, 1.5, (0.5, 0.5))" 0.6743631023199723
"(420, 4, 0.8, 0.8, 1.5, (0.25, 0.75))" 0.6731136604826602
"(420, 4, 0.8, 0.8, 1.5, (0.75, 0.25))" 0.6753685142320797
"(420, 4, 0.8, 0.8, 2, (0.5, 0.5))" 0.6611179301381203
"(420, 4, 0.8, 0.8, 2, (0.25, 0.75))" 0.659990888728467
"(420, 4, 0.8, 0.8, 2, (0.75, 0.25))" 0.6619894071138992
"(420, 4, 0.8, 0.8, 2.5, (0.5, 0.5))" 0.6434445951740402
"(420, 4, 0.8, 0.8, 2.5, (0.25, 0.75))" 0.6427767230521613
"(420, 4, 0.8, 0.8, 2.5, (0.75, 0.25))" 0.6438261316535293
"(420, 8, 0.2, 0.4, 1.5, (0.5, 0.5))" 0.6735318830286859
"(420, 8, 0.2, 0.4, 1.5, (0.25, 0.75))" 0.6724557620937273
"(420, 8, 0.2, 0.4, 1.5, (0.75, 0.25))" 0.6744871836652984
"(420, 8, 0.2, 0.4, 2, (0.5, 0.5))" 0.6616747648611094
"(420, 8, 0.2, 0.4, 2, (0.25, 0.75))" 0.6607175022505966
"(420, 8, 0.2, 0.4, 2, (0.75, 0.25))" 0.6625071981346605
"(420, 8, 0.2, 0.4, 2.5, (0.5, 0.5))" 0.6463833457203447
"(420, 8, 0.2, 0.4, 2.5, (0.25, 0.75))" 0.645665988195208
"(420, 8, 0.2, 0.4, 2.5, (0.75, 0.25))" 0.6469581744193788
"(420, 8, 0.2, 0.6, 1.5, (0.5, 0.5))" 0.6817552092856527
"(420, 8, 0.2, 0.6, 1.5, (0.25, 0.75))" 0.680457877544485
"(420, 8, 0.2, 0.6, 1.5, (0.75, 0.25))" 0.6827271892880212
"(420, 8, 0.2, 0.6, 2, (0.5, 0.5))" 0.6686110530022837
"(420, 8, 0.2, 0.6, 2, (0.25, 0.75))" 0.6675785126823617
"(420, 8, 0.2, 0.6, 2, (0.75, 0.25))" 0.6693033363947709
"(420, 8, 0.2, 0.6, 2.5, (0.5, 0.5))" 0.6516818874220142
"(420, 8, 0.2, 0.6, 2.5, (0.25, 0.75))" 0.6511161359335335
"(420, 8, 0.2, 0.6, 2.5, (0.75, 0.25))" 0.6518611317477775
"(420, 8, 0.2, 0.8, 1.5, (0.5, 0.5))" 0.685004007804746
"(420, 8, 0.2, 0.8, 1.5, (0.25, 0.75))" 0.6840694112808066
"(420, 8, 0.2, 0.8, 1.5, (0.75, 0.25))" 0.6852490294143252
"(420, 8, 0.2, 0.8, 2, (0.5, 0.5))" 0.670330166628061
"(420, 8, 0.2, 0.8, 2, (0.25, 0.75))" 0.6698910179036776
"(420, 8, 0.2, 0.8, 2, (0.75, 0.25))" 0.6700389213467568
"(420, 8, 0.2, 0.8, 2.5, (0.5, 0.5))" 0.6515466826959907
"(420, 8, 0.2, 0.8, 2.5, (0.25, 0.75))" 0.6518911075721252
"(420, 8, 0.2, 0.8, 2.5, (0.75, 0.25))" 0.6503772900593434
"(420, 8, 0.5, 0.4, 1.5, (0.5, 0.5))" 0.6736503775534294
"(420, 8, 0.5, 0.4, 1.5, (0.25, 0.75))" 0.6724753328585437
"(420, 8, 0.5, 0.4, 1.5, (0.75, 0.25))" 0.6747079170237714
"(420, 8, 0.5, 0.4, 2, (0.5, 0.5))" 0.66181277144244
"(420, 8, 0.5, 0.4, 2, (0.25, 0.75))" 0.6607510408908381
"(420, 8, 0.5, 0.4, 2, (0.75, 0.25))" 0.6627533027837682
"(420, 8, 0.5, 0.4, 2.5, (0.5, 0.5))" 0.6465276009874061
"(420, 8, 0.5, 0.4, 2.5, (0.25, 0.75))" 0.645704141802421
"(420, 8, 0.5, 0.4, 2.5, (0.75, 0.25))" 0.6472159437697846
"(420, 8, 0.5, 0.6, 1.5, (0.5, 0.5))" 0.6820097460795639
"(420, 8, 0.5, 0.6, 1.5, (0.25, 0.75))" 0.6805379384251039
"(420, 8, 0.5, 0.6, 1.5, (0.75, 0.25))" 0.6831794468006113
"(420, 8, 0.5, 0.6, 2, (0.5, 0.5))" 0.6689181764524635
"(420, 8, 0.5, 0.6, 2, (0.25, 0.75))" 0.6676958870690751
"(420, 8, 0.5, 0.6, 2, (0.75, 0.25))" 0.669825458803223
"(420, 8, 0.5, 0.6, 2.5, (0.5, 0.5))" 0.6520313802337243
"(420, 8, 0.5, 0.6, 2.5, (0.25, 0.75))" 0.6512608841015975
"(420, 8, 0.5, 0.6, 2.5, (0.75, 0.25))" 0.6524507413820358
"(420, 8, 0.5, 0.8, 1.5, (0.5, 0.5))" 0.6858670135887582
"(420, 8, 0.5, 0.8, 1.5, (0.25, 0.75))" 0.6845694873244458
"(420, 8, 0.5, 0.8, 1.5, (0.75, 0.25))" 0.6865580547913823
"(420, 8, 0.5, 0.8, 2, (0.5, 0.5))" 0.6713073123406202
"(420, 8, 0.5, 0.8, 2, (0.25, 0.75))" 0.6704690429791701
"(420, 8, 0.5, 0.8, 2, (0.75, 0.25))" 0.6715066573881635
"(420, 8, 0.5, 0.8, 2.5, (0.5, 0.5))" 0.6526344138519264
"(420, 8, 0.5, 0.8, 2.5, (0.25, 0.75))" 0.6525372837516433
"(420, 8, 0.5, 0.8, 2.5, (0.75, 0.25))" 0.6520198293723497
"(420, 8, 0.8, 0.4, 1.5, (0.5, 0.5))" 0.6736545443887813
"(420, 8, 0.8, 0.4, 1.5, (0.25, 0.75))" 0.672425156904776
"(420, 8, 0.8, 0.4, 1.5, (0.75, 0.25))" 0.6747677196365605
"(420, 8, 0.8, 0.4, 2, (0.5, 0.5))" 0.6618353786265713
"(420, 8, 0.8, 0.4, 2, (0.25, 0.75))" 0.6607142228037898
"(420, 8, 0.8, 0.4, 2, (0.75, 0.25))" 0.6628371805459778
"(420, 8, 0.8, 0.4, 2.5, (0.5, 0.5))" 0.6465618750591486
"(420, 8, 0.8, 0.4, 2.5, (0.25, 0.75))" 0.6456763913695547
"(420, 8, 0.8, 0.4, 2.5, (0.75, 0.25))" 0.6473166714980728
"(420, 8, 0.8, 0.6, 1.5, (0.5, 0.5))" 0.6820714403554734
"(420, 8, 0.8, 0.6, 1.5, (0.25, 0.75))" 0.6805010040595344
"(420, 8, 0.8, 0.6, 1.5, (0.75, 0.25))" 0.6833541513361256
"(420, 8, 0.8, 0.6, 2, (0.5, 0.5))" 0.6690290452394005
"(420, 8, 0.8, 0.6, 2, (0.25, 0.75))" 0.6676939674393806
"(420, 8, 0.8, 0.6, 2, (0.75, 0.25))" 0.6700661171688894
"(420, 8, 0.8, 0.6, 2.5, (0.5, 0.5))" 0.6521875063485488
"(420, 8, 0.8, 0.6, 2.5, (0.25, 0.75))" 0.6512905560948776
"(420, 8, 0.8, 0.6, 2.5, (0.75, 0.25))" 0.6527576570305533
"(420, 8, 0.8, 0.8, 1.5, (0.5, 0.5))" 0.6863577024806483
"(420, 8, 0.8, 0.8, 1.5, (0.25, 0.75))" 0.6848369821767355
"(420, 8, 0.8, 0.8, 1.5, (0.75, 0.25))" 0.6873249570745785
"(420, 8, 0.8, 0.8, 2, (0.5, 0.5))" 0.6719019229714664
"(420, 8, 0.8, 0.8, 2, (0.25, 0.75))" 0.6708077665032975
"(420, 8, 0.8, 0.8, 2, (0.75, 0.25))" 0.6724186824130342
"(420, 8, 0.8, 0.8, 2.5, (0.5, 0.5))" 0.6533331810616331
"(420, 8, 0.8, 0.8, 2.5, (0.25, 0.75))" 0.6529447214970147
"(420, 8, 0.8, 0.8, 2.5, (0.75, 0.25))" 0.6530879011340797
"(840, 2, 0.2, 0.4, 1.5, (0.5, 0.5))" 0.6393583430043573
"(840, 2, 0.2, 0.4, 1.5, (0.25, 0.75))" 0.6390134719723906
"(840, 2, 0.2, 0.4, 1.5, (0.75, 0.25))" 0.6396941741517191
"(840, 2, 0.2, 0.4, 2, (0.5, 0.5))" 0.6286363907647676
"(840, 2, 0.2, 0.4, 2, (0.25, 0.75))" 0.6281981347580764
"(840, 2, 0.2, 0.4, 2, (0.75, 0.25))" 0.6290657293640793
"(840, 2, 0.2, 0.4, 2.5, (0.5, 0.5))" 0.6148199002000756
"(840, 2, 0.2, 0.4, 2.5, (0.25, 0.75))" 0.6143996768525646
"(840, 2, 0.2, 0.4, 2.5, (0.75, 0.25))" 0.6152288524262468
"(840, 2, 0.2, 0.6, 1.5, (0.5, 0.5))" 0.6408778073428217
"(840, 2, 0.2, 0.6, 1.5, (0.25, 0.75))" 0.6403724548838718
"(840, 2, 0.2, 0.6, 1.5, (0.75, 0.25))" 0.6413588046312474
"(840, 2, 0.2, 0.6, 2, (0.5, 0.5))" 0.6306118909780549
"(840, 2, 0.2, 0.6, 2, (0.25, 0.75))" 0.6299680540305018
"(840, 2, 0.2, 0.6, 2, (0.75, 0.25))" 0.6312309595061455
"(840, 2, 0.2, 0.6, 2.5, (0.5, 0.5))" 0.6169982559374785
"(840, 2, 0.2, 0.6, 2.5, (0.25, 0.75))" 0.6163868027430816
"(840, 2, 0.2, 0.6, 2.5, (0.75, 0.25))" 0.6175786100190237
"(840, 2, 0.2, 0.8, 1.5, (0.5, 0.5))" 0.6417014196145882
"(840, 2, 0.2, 0.8, 1.5, (0.25, 0.75))" 0.6410759620614238
"(840, 2, 0.2, 0.8, 1.5, (0.75, 0.25))" 0.6422733002129167
"(840, 2, 0.2, 0.8, 2, (0.5, 0.5))" 0.6319317663083089
"(840, 2, 0.2, 0.8, 2, (0.25, 0.75))" 0.6311241088454205
"(840, 2, 0.2, 0.8, 2, (0.75, 0.25))" 0.6326836469571115
"(840, 2, 0.2, 0.8, 2.5, (0.5, 0.5))" 0.6185686774322972
"(840, 2, 0.2, 0.8, 2.5, (0.25, 0.75))" 0.6178110485026905
"(840, 2, 0.2, 0.8, 2.5, (0.75, 0.25))" 0.6192571976302091
"(840, 2, 0.5, 0.4, 1.5, (0.5, 0.5))" 0.6398352516313228
"(840, 2, 0.5, 0.4, 1.5, (0.25, 0.75))" 0.6393457943894477
"(840, 2, 0.5, 0.4, 1.5, (0.75, 0.25))" 0.6403153380883626
"(840, 2, 0.5, 0.4, 2, (0.5, 0.5))" 0.6290353935932304
"(840, 2, 0.5, 0.4, 2, (0.25, 0.75))" 0.6284721189410841
"(840, 2, 0.5, 0.4, 2, (0.75, 0.25))" 0.6295884474340223
"(840, 2, 0.5, 0.4, 2.5, (0.5, 0.5))" 0.6151634550070978
"(840, 2, 0.5, 0.4, 2.5, (0.25, 0.75))" 0.6146323744644051
"(840, 2, 0.5, 0.4, 2.5, (0.75, 0.25))" 0.6156819110861268
"(840, 2, 0.5, 0.6, 1.5, (0.5, 0.5))" 0.6416529277144511
"(840, 2, 0.5, 0.6, 1.5, (0.25, 0.75))" 0.6409217898736945
"(840, 2, 0.5, 0.6, 1.5, (0.75, 0.25))" 0.6423616714691016
"(840, 2, 0.5, 0.6, 2, (0.5, 0.5))" 0.6312277630548249
"(840, 2, 0.5, 0.6, 2, (0.25, 0.75))" 0.6303960721755238
"(840, 2, 0.5, 0.6, 2, (0.75, 0.25))" 0.632034411402743
"(840, 2, 0.5, 0.6, 2.5, (0.5, 0.5))" 0.6175010022193855
"(840, 2, 0.5, 0.6, 2.5, (0.25, 0.75))" 0.6167278610848552
"(840, 2, 0.5, 0.6, 2.5, (0.75, 0.25))" 0.6182428647147703
"(840, 2, 0.5, 0.8, 1.5, (0.5, 0.5))" 0.642907956368748
"(840, 2, 0.5, 0.8, 1.5, (0.25, 0.75))" 0.6419503737546572
"(840, 2, 0.5, 0.8, 1.5, (0.75, 0.25))" 0.6438231920050367
"(840, 2, 0.5, 0.8, 2, (0.5, 0.5))" 0.6328613649033594
"(840, 2, 0.5, 0.8, 2, (0.25, 0.75))" 0.6317850514847516
"(840, 2, 0.5, 0.8, 2, (0.75, 0.25))" 0.6338891911644413
"(840, 2, 0.5, 0.8, 2.5, (0.5, 0.5))" 0.6192994517894383
"(840, 2, 0.5, 0.8, 2.5, (0.25, 0.75))" 0.6183158788052883
"(840, 2, 0.5, 0.8, 2.5, (0.75, 0.25))" 0.6202218802324913
"(840, 2, 0.8, 0.4, 1.5, (0.5, 0.5))" 0.6401118695174455
"(840, 2, 0.8, 0.4, 1.5, (0.25, 0.75))" 0.6395472889696754
"(840, 2, 0.8, 0.4, 1.5, (0.75, 0.25))" 0.6406641572794414
"(840, 2, 0.8, 0.4, 2, (0.5, 0.5))" 0.6292574816537948
"(840, 2, 0.8, 0.4, 2, (0.25, 0.75))" 0.6286309411111283
"(840, 2, 0.8, 0.4, 2, (0.75, 0.25))" 0.6298703451223514
"(840, 2, 0.8, 0.4, 2.5, (0.5, 0.5))" 0.615349141505431
"(840, 2, 0.8, 0.4, 2.5, (0.25, 0.75))" 0.6147624191576876
"(840, 2, 0.8, 0.4, 2.5, (0.75, 0.25))" 0.6159199850425972
"(840, 2, 0.8, 0.6, 1.5, (0.5, 0.5))" 0.6420872190392994
"(840, 2, 0.8, 0.6, 1.5, (0.25, 0.75))" 0.6412478585831706
"(840, 2, 0.8, 0.6, 1.5, (0.75, 0.25))" 0.6428990764961843
"(840, 2, 0.8, 0.6, 2, (0.5, 0.5))" 0.6315486523077815
"(840, 2, 0.8, 0.6, 2, (0.25, 0.75))" 0.6306317613496695
"(840, 2, 0.8, 0.6, 2, (0.75, 0.25))" 0.6324345736360608
"(840, 2, 0.8, 0.6, 2.5, (0.5, 0.5))" 0.6177451555221792
"(840, 2, 0.8, 0.6, 2.5, (0.25, 0.75))" 0.6169008860632801
"(840, 2, 0.8, 0.6, 2.5, (0.75, 0.25))" 0.6185530811517279
"(840, 2, 0.8, 0.8, 1.5, (0.5, 0.5))" 0.6435751967952195
"(840, 2, 0.8, 0.8, 1.5, (0.25, 0.75))" 0.6424691530239277
"(840, 2, 0.8, 0.8, 1.5, (0.75, 0.25))" 0.6446329392114026
"(840, 2, 0.8, 0.8, 2, (0.5, 0.5))" 0.6333342291485018
"(840, 2, 0.8, 0.8, 2, (0.25, 0.75))" 0.6321464843247446
"(840, 2, 0.8, 0.8, 2, (0.75, 0.25))" 0.6344669421780255
"(840, 2, 0.8, 0.8, 2.5, (0.5, 0.5))" 0.6196379040893721
"(840, 2, 0.8, 0.8, 2.5, (0.25, 0.75))" 0.6185649377393754
"(840, 2, 0.8, 0.8, 2.5, (0.75, 0.25))" 0.6206455824882117
"(840, 4, 0.2, 0.4, 1.5, (0.5, 0.5))" 0.6356641729864653
"(840, 4, 0.2, 0.4, 1.5, (0.25, 0.75))" 0.635314614257874
"(840, 4, 0.2, 0.4, 1.5, (0.75, 0.25))" 0.6359850778727901
"(840, 4, 0.2, 0.4, 2, (0.5, 0.5))" 0.6238260582161201
"(840, 4, 0.2, 0.4, 2, (0.25, 0.75))" 0.6233956333762257
"(840, 4, 0.2, 0.4, 2, (0.75, 0.25))" 0.6242272674722753
"(840, 4, 0.2, 0.4, 2.5, (0.5, 0.5))" 0.6090422893031305
"(840, 4, 0.2, 0.4, 2.5, (0.25, 0.75))" 0.608694431963648
"(840, 4, 0.2, 0.4, 2.5, (0.75, 0.25))" 0.6093561535109936
"(840, 4, 0.2, 0.6, 1.5, (0.5, 0.5))" 0.6372183477224433
"(840, 4, 0.2, 0.6, 1.5, (0.25, 0.75))" 0.636822057048005
"(840, 4, 0.2, 0.6, 1.5, (0.75, 0.25))" 0.6375382723161125
"(840, 4, 0.2, 0.6, 2, (0.5, 0.5))" 0.6253267684781426
"(840, 4, 0.2, 0.6, 2, (0.25, 0.75))" 0.6248256756319042
"(840, 4, 0.2, 0.6, 2, (0.75, 0.25))" 0.6257494129182504
"(840, 4, 0.2, 0.6, 2.5, (0.5, 0.5))" 0.6102092436219829
"(840, 4, 0.2, 0.6, 2.5, (0.25, 0.75))" 0.6098491090252756
"(840, 4, 0.2, 0.6, 2.5, (0.75, 0.25))" 0.610479045752508
"(840, 4, 0.2, 0.8, 1.5, (0.5, 0.5))" 0.6367956141105662
"(840, 4, 0.2, 0.8, 1.5, (0.25, 0.75))" 0.6365297227282913
"(840, 4, 0.2, 0.8, 1.5, (0.75, 0.25))" 0.6369000234513914
"(840, 4, 0.2, 0.8, 2, (0.5, 0.5))" 0.624906403744037
"(840, 4, 0.2, 0.8, 2, (0.25, 0.75))" 0.6245177270925647
"(840, 4, 0.2, 0.8, 2, (0.75, 0.25))" 0.6251299350710896
"(840, 4, 0.2, 0.8, 2.5, (0.5, 0.5))" 0.6095431531507088
"(840, 4, 0.2, 0.8, 2.5, (0.25, 0.75))" 0.6093574406776129
"(840, 4, 0.2, 0.8, 2.5, (0.75, 0.25))" 0.6095419235864673
"(840, 4, 0.5, 0.4, 1.5, (0.5, 0.5))" 0.6361453411084778
"(840, 4, 0.5, 0.4, 1.5, (0.25, 0.75))" 0.6356420821523672
"(840, 4, 0.5, 0.4, 1.5, (0.75, 0.25))" 0.6366225277734792
"(840, 4, 0.5, 0.4, 2, (0.5, 0.5))" 0.6242655299481935
"(840, 4, 0.5, 0.4, 2, (0.25, 0.75))" 0.6236937150801365
"(840, 4, 0.5, 0.4, 2, (0.75, 0.25))" 0.6248102524703525
"(840, 4, 0.5, 0.4, 2.5, (0.5, 0.5))" 0.6094590122725527
"(840, 4, 0.5, 0.4, 2.5, (0.25, 0.75))" 0.6089769761663723
"(840, 4, 0.5, 0.4, 2.5, (0.75, 0.25))" 0.6099095689123186
"(840, 4, 0.5, 0.6, 1.5, (0.5, 0.5))" 0.6381150647118918
"(840, 4, 0.5, 0.6, 1.5, (0.25, 0.75))" 0.6374497847656221
"(840, 4, 0.5, 0.6, 1.5, (0.75, 0.25))" 0.6387163686444607
"(840, 4, 0.5, 0.6, 2, (0.5, 0.5))" 0.6261384933876043
"(840, 4, 0.5, 0.6, 2, (0.25, 0.75))" 0.6253916197975558
"(840, 4, 0.5, 0.6, 2, (0.75, 0.25))" 0.6268181496674903
"(840, 4, 0.5, 0.6, 2.5, (0.5, 0.5))" 0.6109715534492128
"(840, 4, 0.5, 0.6, 2.5, (0.25, 0.75))" 0.6103788931827628
"(840, 4, 0.5, 0.6, 2.5, (0.75, 0.25))" 0.6114859585987579
"(840, 4, 0.5, 0.8, 1.5, (0.5, 0.5))" 0.6383976260649767
"(840, 4, 0.5, 0.8, 1.5, (0.25, 0.75))" 0.6376833947827371
"(840, 4, 0.5, 0.8, 1.5, (0.75, 0.25))" 0.6389882593702166
"(840, 4, 0.5, 0.8, 2, (0.5, 0.5))" 0.6263501992050929
"(840, 4, 0.5, 0.8, 2, (0.25, 0.75))" 0.6255538850693528
"(840, 4, 0.5, 0.8, 2, (0.75, 0.25))" 0.6270161342041957
"(840, 4, 0.5, 0.8, 2.5, (0.5, 0.5))" 0.610884662341939
"(840, 4, 0.5, 0.8, 2.5, (0.25, 0.75))" 0.6103159692563667
"(840, 4, 0.5, 0.8, 2.5, (0.75, 0.25))" 0.6113018776208149
"(840, 4, 0.8, 0.4, 1.5, (0.5, 0.5))" 0.6364366817105267
"(840, 4, 0.8, 0.4, 1.5, (0.25, 0.75))" 0.6358468316257243
"(840, 4, 0.8, 0.4, 1.5, (0.75, 0.25))" 0.6370003953585561
"(840, 4, 0.8, 0.4, 2, (0.5, 0.5))" 0.6245330691686919
"(840, 4, 0.8, 0.4, 2, (0.25, 0.75))" 0.623881105944461
"(840, 4, 0.8, 0.4, 2, (0.75, 0.25))" 0.6251575751512003
"(840, 4, 0.8, 0.4, 2.5, (0.5, 0.5))" 0.6097172661347104
"(840, 4, 0.8, 0.4, 2.5, (0.25, 0.75))" 0.6091576580285911
"(840, 4, 0.8, 0.4, 2.5, (0.75, 0.25))" 0.610245474364415
"(840, 4, 0.8, 0.6, 1.5, (0.5, 0.5))" 0.6386718177245797
"(840, 4, 0.8, 0.6, 1.5, (0.25, 0.75))" 0.6378572741207261
"(840, 4, 0.8, 0.6, 1.5, (0.75, 0.25))" 0.6394259702254174
"(840, 4, 0.8, 0.6, 2, (0.5, 0.5))" 0.6266430793958806
"(840, 4, 0.8, 0.6, 2, (0.25, 0.75))" 0.6257593519773649
"(840, 4, 0.8, 0.6, 2, (0.75, 0.25))" 0.6274627439760054
"(840, 4, 0.8, 0.6, 2.5, (0.5, 0.5))" 0.6114513367827199
"(840, 4, 0.8, 0.6, 2.5, (0.25, 0.75))" 0.6107266845364724
"(840, 4, 0.8, 0.6, 2.5, (0.75, 0.25))" 0.6121021317306821
"(840, 4, 0.8, 0.8, 1.5, (0.5, 0.5))" 0.639427432669633
"(840, 4, 0.8, 0.8, 1.5, (0.25, 0.75))" 0.6384640772569729
"(840, 4, 0.8, 0.8, 1.5, (0.75, 0.25))" 0.640281689874684
"(840, 4, 0.8, 0.8, 2, (0.5, 0.5))" 0.6272798821277307
"(840, 4, 0.8, 0.8, 2, (0.25, 0.75))" 0.6262558775144214
"(840, 4, 0.8, 0.8, 2, (0.75, 0.25))" 0.6281874317759246
"(840, 4, 0.8, 0.8, 2.5, (0.5, 0.5))" 0.6117563673419573
"(840, 4, 0.8, 0.8, 2.5, (0.25, 0.75))" 0.6109696090188171
"(840, 4, 0.8, 0.8, 2.5, (0.75, 0.25))" 0.612407969039785
"(840, 8, 0.2, 0.4, 1.5, (0.5, 0.5))" 0.6381463751054935
"(840, 8, 0.2, 0.4, 1.5, (0.25, 0.75))" 0.637589604972443
"(840, 8, 0.2, 0.4, 1.5, (0.75, 0.25))" 0.6386340460832541
"(840, 8, 0.2, 0.4, 2, (0.5, 0.5))" 0.6250028135118438
"(840, 8, 0.2, 0.4, 2, (0.25, 0.75))" 0.6244254248097354
"(840, 8, 0.2, 0.4, 2, (0.75, 0.25))" 0.6255102244956894
"(840, 8, 0.2, 0.4, 2.5, (0.5, 0.5))" 0.608924455021833
"(840, 8, 0.2, 0.4, 2.5, (0.25, 0.75))" 0.6085161812049947
"(840, 8, 0.2, 0.4, 2.5, (0.75, 0.25))" 0.6092544445716808
"(840, 8, 0.2, 0.6, 1.5, (0.5, 0.5))" 0.6411169484883971
"(840, 8, 0.2, 0.6, 1.5, (0.25, 0.75))" 0.6405940207957691
"(840, 8, 0.2, 0.6, 1.5, (0.75, 0.25))" 0.6414504371303037
"(840, 8, 0.2, 0.6, 2, (0.5, 0.5))" 0.6270927902306388
"(840, 8, 0.2, 0.6, 2, (0.25, 0.75))" 0.6265925885585418
"(840, 8, 0.2, 0.6, 2, (0.75, 0.25))" 0.6273979166038204
"(840, 8, 0.2, 0.6, 2.5, (0.5, 0.5))" 0.6098136433821919
"(840, 8, 0.2, 0.6, 2.5, (0.25, 0.75))" 0.6096254436076107
"(840, 8, 0.2, 0.6, 2.5, (0.75, 0.25))" 0.6097842993765686
"(840, 8, 0.2, 0.8, 1.5, (0.5, 0.5))" 0.6401897537626936
"(840, 8, 0.2, 0.8, 1.5, (0.25, 0.75))" 0.6401227572119177
"(840, 8, 0.2, 0.8, 1.5, (0.75, 0.25))" 0.6398644631466412
"(840, 8, 0.2, 0.8, 2, (0.5, 0.5))" 0.6252109633840288
"(840, 8, 0.2, 0.8, 2, (0.25, 0.75))" 0.6252459152742206
"(840, 8, 0.2, 0.8, 2, (0.75, 0.25))" 0.6247726903325163
"(840, 8, 0.2, 0.8, 2.5, (0.5, 0.5))" 0.6067034173088716
"(840, 8, 0.2, 0.8, 2.5, (0.25, 0.75))" 0.607225090386793
"(840, 8, 0.2, 0.8, 2.5, (0.75, 0.25))" 0.6057373836183176
"(840, 8, 0.5, 0.4, 1.5, (0.5, 0.5))" 0.6385251253701609
"(840, 8, 0.5, 0.4, 1.5, (0.25, 0.75))" 0.6378336878887375
"(840, 8, 0.5, 0.4, 1.5, (0.75, 0.25))" 0.63915389373137
"(840, 8, 0.5, 0.4, 2, (0.5, 0.5))" 0.625366821942501
"(840, 8, 0.5, 0.4, 2, (0.25, 0.75))" 0.6246611008155751
"(840, 8, 0.5, 0.4, 2, (0.75, 0.25))" 0.6260092393719481
"(840, 8, 0.5, 0.4, 2.5, (0.5, 0.5))" 0.6092897406875856
"(840, 8, 0.5, 0.4, 2.5, (0.25, 0.75))" 0.6087546389581859
"(840, 8, 0.5, 0.4, 2.5, (0.75, 0.25))" 0.6097541922588865
"(840, 8, 0.5, 0.6, 1.5, (0.5, 0.5))" 0.6419264241312954
"(840, 8, 0.5, 0.6, 1.5, (0.25, 0.75))" 0.6411356624644399
"(840, 8, 0.5, 0.6, 1.5, (0.75, 0.25))" 0.6425550060980766
"(840, 8, 0.5, 0.6, 2, (0.5, 0.5))" 0.6278843197720828
"(840, 8, 0.5, 0.6, 2, (0.25, 0.75))" 0.6271247444482912
"(840, 8, 0.5, 0.6, 2, (0.75, 0.25))" 0.6284769804538909
"(840, 8, 0.5, 0.6, 2.5, (0.5, 0.5))" 0.6106157751595789
"(840, 8, 0.5, 0.6, 2.5, (0.25, 0.75))" 0.6101677302256607
"(840, 8, 0.5, 0.6, 2.5, (0.75, 0.25))" 0.6108770009334364
"(840, 8, 0.5, 0.8, 1.5, (0.5, 0.5))" 0.6418349088820386
"(840, 8, 0.5, 0.8, 1.5, (0.25, 0.75))" 0.6412691754728368
"(840, 8, 0.5, 0.8, 1.5, (0.75, 0.25))" 0.6420782104969041
"(840, 8, 0.5, 0.8, 2, (0.5, 0.5))" 0.6268300467540048
"(840, 8, 0.5, 0.8, 2, (0.25, 0.75))" 0.6263779746774542
"(840, 8, 0.5, 0.8, 2, (0.75, 0.25))" 0.6269493036436461
"(840, 8, 0.5, 0.8, 2.5, (0.5, 0.5))" 0.6083390970070416
"(840, 8, 0.5, 0.8, 2.5, (0.25, 0.75))" 0.6083718859638173
"(840, 8, 0.5, 0.8, 2.5, (0.75, 0.25))" 0.6079360183745346
"(840, 8, 0.8, 0.4, 1.5, (0.5, 0.5))" 0.6387443365590088
"(840, 8, 0.8, 0.4, 1.5, (0.25, 0.75))" 0.6379760259208846
"(840, 8, 0.8, 0.4, 1.5, (0.75, 0.25))" 0.6394523906379518
"(840, 8, 0.8, 0.4, 2, (0.5, 0.5))" 0.6255859730441825
"(840, 8, 0.8, 0.4, 2, (0.25, 0.75))" 0.6248049427479508
"(840, 8, 0.8, 0.4, 2, (0.75, 0.25))" 0.6263063628191593
"(840, 8, 0.8, 0.4, 2.5, (0.5, 0.5))" 0.609520070071535
"(840, 8, 0.8, 0.4, 2.5, (0.25, 0.75))" 0.6089078071991227
"(840, 8, 0.8, 0.4, 2.5, (0.75, 0.25))" 0.6100652422863594
"(840, 8, 0.8, 0.6, 1.5, (0.5, 0.5))" 0.6424274215396589
"(840, 8, 0.8, 0.6, 1.5, (0.25, 0.75))" 0.6414826066500585
"(840, 8, 0.8, 0.6, 1.5, (0.75, 0.25))" 0.6432232494894558
"(840, 8, 0.8, 0.6, 2, (0.5, 0.5))" 0.6283926345307277
"(840, 8, 0.8, 0.6, 2, (0.25, 0.75))" 0.6274790493065308
"(840, 8, 0.8, 0.6, 2, (0.75, 0.25))" 0.6291536994801582
"(840, 8, 0.8, 0.6, 2.5, (0.5, 0.5))" 0.6111513738646219
"(840, 8, 0.8, 0.6, 2.5, (0.25, 0.75))" 0.6105430766695235
"(840, 8, 0.8, 0.6, 2.5, (0.75, 0.25))" 0.6115898466595275
"(840, 8, 0.8, 0.8, 1.5, (0.5, 0.5))" 0.6429288731005351
"(840, 8, 0.8, 0.8, 1.5, (0.25, 0.75))" 0.642066701838844
"(840, 8, 0.8, 0.8, 1.5, (0.75, 0.25))" 0.6435065347502827
"(840, 8, 0.8, 0.8, 2, (0.5, 0.5))" 0.6279389906549564
"(840, 8, 0.8, 0.8, 2, (0.25, 0.75))" 0.6271879908436996
"(840, 8, 0.8, 0.8, 2, (0.75, 0.25))" 0.6283973412081887
"(840, 8, 0.8, 0.8, 2.5, (0.5, 0.5))" 0.6094918689206016
"(840, 8, 0.8, 0.8, 2.5, (0.25, 0.75))" 0.6092140768152561
"(840, 8, 0.8, 0.8, 2.5, (0.75, 0.25))" 0.609444096983577
